x_axis,z_axis,time,task_name
0.0,0.08333333333333333,0.0,ascent
0.0,0.16666666666666666,0.703125,ascent
0.0,0.25,1.40625,ascent
0.0,0.3333333333333333,2.109375,ascent
0.0,0.41666666666666663,2.8125,ascent
0.0,0.49999999999999994,3.515625,ascent
0.0,0.49999999999999994,4.21875,hover
0.0,0.5833333333333333,4.921875,ascent
0.125,0.5833333333333333,5.625,towards
0.25,0.5833333333333333,6.328125,towards
0.375,0.5833333333333333,7.03125,towards
0.375,0.4833333333333333,7.734375,descent
0.25,0.4833333333333333,8.4375,away
0.125,0.4833333333333333,9.140625,away
0.25,0.4833333333333333,9.84375,towards
0.25,0.5666666666666667,10.546875,ascent
0.25,0.5666666666666667,11.25,turn
0.25,0.65,11.953125,ascent
0.25,0.65,12.65625,turn
0.25,0.65,13.359375,hover
0.25,0.65,14.0625,hover
0.375,0.65,14.765625,towards
0.5,0.65,15.46875,towards
0.5,0.65,16.171875,hover
0.625,0.65,16.875,towards
0.75,0.65,17.578125,towards
0.875,0.65,18.28125,towards
1.0,0.65,18.984375,towards
1.0,0.55,19.6875,descent
1.0,0.45000000000000007,20.390625,descent
1.0,0.3500000000000001,21.09375,descent
1.0,0.2500000000000001,21.796875,descent
1.0,0.1500000000000001,22.5,descent
