x_axis,z_axis,time,task_name
0.0,0.08333333333333333,0.0,ascent
0.0,0.08333333333333333,1.0,hover
0.0,0.16666666666666666,2.0,ascent
0.0,0.25,3.0,ascent
0.0,0.3333333333333333,4.0,ascent
0.0,0.41666666666666663,5.0,ascent
0.0,0.49999999999999994,6.0,ascent
0.0,0.49999999999999994,7.0,hover
0.0,0.49999999999999994,8.0,hover
0.0,0.49999999999999994,9.0,hover
0.0,0.49999999999999994,10.0,hover
0.0,0.49999999999999994,11.0,hover
0.0,0.49999999999999994,12.0,hover
0.0,0.49999999999999994,13.0,hover
0.0,0.49999999999999994,14.0,hover
0.0,0.49999999999999994,15.0,hover
0.0,0.49999999999999994,16.0,hover
0.125,0.49999999999999994,17.0,towards
0.25,0.49999999999999994,18.0,towards
0.25,0.5833333333333333,19.0,ascent
0.25,0.5833333333333333,20.0,hover
0.125,0.5833333333333333,21.0,away
0.125,0.4833333333333333,22.0,descent
0.125,0.3833333333333333,23.0,descent
0.125,0.2833333333333333,24.0,descent
0.125,0.18333333333333332,25.0,descent
0.25,0.18333333333333332,26.0,towards
0.25,0.18333333333333332,27.0,hover
0.25,0.18333333333333332,28.0,hover
0.25,0.18333333333333332,29.0,hover
0.25,0.18333333333333332,30.0,hover
0.25,0.18333333333333332,31.0,hover
0.25,0.18333333333333332,32.0,hover
0.25,0.18333333333333332,33.0,hover
0.25,0.18333333333333332,34.0,hover
0.25,0.18333333333333332,35.0,hover
0.25,0.18333333333333332,36.0,hover
0.25,0.18333333333333332,37.0,hover
0.25,0.08333333333333331,38.0,descent
0.25,-0.01666666666666669,39.0,descent
0.25,-0.1166666666666667,40.0,descent
0.25,-0.03333333333333337,41.0,ascent
