x_axis,z_axis,time,task_name
0.0,0.08333333333333333,0.0,ascent
0.0,-0.016666666666666677,0.703125,descent
0.0,0.06666666666666665,1.40625,ascent
0.0,0.06666666666666665,2.109375,turn
0.0,0.14999999999999997,2.8125,ascent
0.0,0.23333333333333328,3.515625,ascent
0.0,0.3166666666666666,4.21875,ascent
0.0,0.3999999999999999,4.921875,ascent
0.125,0.3999999999999999,5.625,towards
0.25,0.3999999999999999,6.328125,towards
0.25,0.29999999999999993,7.03125,descent
0.375,0.29999999999999993,7.734375,towards
0.5,0.29999999999999993,8.4375,towards
0.625,0.29999999999999993,9.140625,towards
0.625,0.19999999999999993,9.84375,descent
0.625,0.28333333333333327,10.546875,ascent
0.625,0.28333333333333327,11.25,turn
0.625,0.28333333333333327,11.953125,turn
0.625,0.28333333333333327,12.65625,turn
0.75,0.28333333333333327,13.359375,towards
0.875,0.28333333333333327,14.0625,towards
0.875,0.28333333333333327,14.765625,hover
1.0,0.28333333333333327,15.46875,towards
1.0,0.28333333333333327,16.171875,hover
1.125,0.28333333333333327,16.875,towards
1.25,0.28333333333333327,17.578125,towards
1.375,0.28333333333333327,18.28125,towards
1.375,0.18333333333333326,18.984375,descent
1.375,0.08333333333333326,19.6875,descent
1.375,-0.016666666666666746,20.390625,descent
1.375,-0.11666666666666675,21.09375,descent
1.375,-0.21666666666666676,21.796875,descent
1.375,-0.31666666666666676,22.5,descent
