x_axis,z_axis,time,task_name
0.0,0.08333333333333333,0.0,ascent
-0.125,0.08333333333333333,0.703125,away
-0.125,0.16666666666666666,1.40625,ascent
-0.125,0.25,2.109375,ascent
-0.125,0.3333333333333333,2.8125,ascent
-0.125,0.41666666666666663,3.515625,ascent
-0.25,0.41666666666666663,4.21875,away
-0.375,0.41666666666666663,4.921875,away
-0.5,0.41666666666666663,5.625,away
-0.625,0.41666666666666663,6.328125,away
-0.75,0.41666666666666663,7.03125,away
-0.625,0.41666666666666663,7.734375,towards
-0.5,0.41666666666666663,8.4375,towards
-0.375,0.41666666666666663,9.140625,towards
-0.25,0.41666666666666663,9.84375,towards
-0.375,0.41666666666666663,10.546875,away
-0.375,0.41666666666666663,11.25,turn
-0.375,0.41666666666666663,11.953125,turn
-0.375,0.41666666666666663,12.65625,turn
-0.25,0.41666666666666663,13.359375,towards
-0.125,0.41666666666666663,14.0625,towards
-0.25,0.41666666666666663,14.765625,away
-0.125,0.41666666666666663,15.46875,towards
0.0,0.41666666666666663,16.171875,towards
0.125,0.41666666666666663,16.875,towards
0.25,0.41666666666666663,17.578125,towards
0.375,0.41666666666666663,18.28125,towards
0.375,0.31666666666666665,18.984375,descent
0.375,0.21666666666666665,19.6875,descent
0.375,0.11666666666666664,20.390625,descent
0.375,0.016666666666666635,21.09375,descent
0.375,-0.08333333333333337,21.796875,descent
0.375,-0.18333333333333338,22.5,descent
