x_axis,z_axis,time,task_name
0.0,0.08333333333333333,0.0,ascent
0.0,0.16666666666666666,0.703125,ascent
0.0,0.25,1.40625,ascent
0.0,0.15,2.109375,descent
0.0,0.23333333333333334,2.8125,ascent
0.0,0.31666666666666665,3.515625,ascent
0.0,0.21666666666666665,4.21875,descent
0.0,0.3,4.921875,ascent
0.0,0.3,5.625,hover
0.125,0.3,6.328125,towards
0.25,0.3,7.03125,towards
0.375,0.3,7.734375,towards
0.5,0.3,8.4375,towards
0.375,0.3,9.140625,away
0.5,0.3,9.84375,towards
0.5,0.3,10.546875,turn
0.5,0.3,11.25,turn
0.5,0.3,11.953125,turn
0.5,0.3,12.65625,turn
0.5,0.3,13.359375,hover
0.5,0.3,14.0625,hover
0.5,0.3,14.765625,hover
0.5,0.3,15.46875,hover
0.5,0.3,16.171875,hover
0.375,0.3,16.875,away
0.25,0.3,17.578125,away
0.375,0.3,18.28125,towards
0.375,0.19999999999999998,18.984375,descent
0.375,0.09999999999999998,19.6875,descent
0.375,-2.7755575615628914e-17,20.390625,descent
0.375,-0.10000000000000003,21.09375,descent
0.375,-0.20000000000000004,21.796875,descent
0.375,-0.30000000000000004,22.5,descent
