x_axis,z_axis,time,task_name
0.0,0.08333333333333333,0.0,ascent
0.0,0.08333333333333333,0.6818181818181818,turn
0.0,0.16666666666666666,1.3636363636363635,ascent
0.0,0.25,2.0454545454545454,ascent
0.0,0.25,2.727272727272727,turn
0.0,0.3333333333333333,3.4090909090909087,ascent
-0.125,0.3333333333333333,4.090909090909091,away
-0.125,0.2333333333333333,4.7727272727272725,descent
0.0,0.2333333333333333,5.454545454545454,towards
0.0,0.1333333333333333,6.136363636363636,descent
0.0,0.0333333333333333,6.8181818181818175,descent
0.125,0.0333333333333333,7.499999999999999,towards
0.0,0.0333333333333333,8.181818181818182,away
-0.125,0.0333333333333333,8.863636363636363,away
0.0,0.0333333333333333,9.545454545454545,towards
0.0,0.0333333333333333,10.227272727272727,turn
0.0,0.0333333333333333,10.909090909090908,turn
0.0,-0.06666666666666671,11.59090909090909,descent
0.0,-0.06666666666666671,12.272727272727272,turn
0.125,-0.06666666666666671,12.954545454545453,towards
0.25,-0.06666666666666671,13.636363636363635,towards
0.375,-0.06666666666666671,14.318181818181817,towards
0.5,-0.06666666666666671,14.999999999999998,towards
0.625,-0.06666666666666671,15.68181818181818,towards
0.625,-0.06666666666666671,16.363636363636363,turn
0.625,-0.06666666666666671,17.045454545454543,turn
0.75,-0.06666666666666671,17.727272727272727,towards
0.75,-0.1666666666666667,18.409090909090907,descent
0.75,-0.2666666666666667,19.09090909090909,descent
0.75,-0.3666666666666667,19.77272727272727,descent
0.75,-0.4666666666666667,20.454545454545453,descent
0.75,-0.5666666666666667,21.136363636363633,descent
0.75,-0.6666666666666666,21.818181818181817,descent
0.75,-0.7666666666666666,22.5,descent
