x_axis,z_axis,time,task_name
0.0,0.08333333333333333,0.0,ascent
-0.125,0.08333333333333333,0.703125,away
-0.125,0.16666666666666666,1.40625,ascent
-0.125,0.25,2.109375,ascent
-0.125,0.3333333333333333,2.8125,ascent
-0.125,0.41666666666666663,3.515625,ascent
0.0,0.41666666666666663,4.21875,towards
0.125,0.41666666666666663,4.921875,towards
0.125,0.31666666666666665,5.625,descent
0.25,0.31666666666666665,6.328125,towards
0.125,0.31666666666666665,7.03125,away
0.125,0.39999999999999997,7.734375,ascent
0.125,0.29999999999999993,8.4375,descent
0.0,0.29999999999999993,9.140625,away
0.125,0.29999999999999993,9.84375,towards
0.125,0.29999999999999993,10.546875,turn
0.125,0.29999999999999993,11.25,turn
0.125,0.38333333333333325,11.953125,ascent
0.125,0.38333333333333325,12.65625,turn
0.25,0.38333333333333325,13.359375,towards
0.375,0.38333333333333325,14.0625,towards
0.5,0.38333333333333325,14.765625,towards
0.625,0.38333333333333325,15.46875,towards
0.75,0.38333333333333325,16.171875,towards
0.75,0.46666666666666656,16.875,ascent
0.625,0.46666666666666656,17.578125,away
0.5,0.46666666666666656,18.28125,away
0.5,0.3666666666666666,18.984375,descent
0.5,0.2666666666666666,19.6875,descent
0.5,0.1666666666666666,20.390625,descent
0.5,0.0666666666666666,21.09375,descent
0.5,-0.03333333333333341,21.796875,descent
0.5,-0.13333333333333341,22.5,descent
