x_axis,z_axis,time,task_name
0.0,0.08333333333333333,0.0,ascent
0.0,0.16666666666666666,0.703125,ascent
0.0,0.25,1.40625,ascent
0.0,0.3333333333333333,2.109375,ascent
0.0,0.41666666666666663,2.8125,ascent
0.0,0.31666666666666665,3.515625,descent
-0.125,0.31666666666666665,4.21875,away
-0.25,0.31666666666666665,4.921875,away
-0.25,0.21666666666666665,5.625,descent
-0.125,0.21666666666666665,6.328125,towards
0.0,0.21666666666666665,7.03125,towards
0.0,0.3,7.734375,ascent
0.125,0.3,8.4375,towards
0.25,0.3,9.140625,towards
0.375,0.3,9.84375,towards
0.375,0.3,10.546875,turn
0.375,0.3,11.25,turn
0.375,0.3833333333333333,11.953125,ascent
0.375,0.3833333333333333,12.65625,turn
0.5,0.3833333333333333,13.359375,towards
0.625,0.3833333333333333,14.0625,towards
0.75,0.3833333333333333,14.765625,towards
0.875,0.3833333333333333,15.46875,towards
0.75,0.3833333333333333,16.171875,away
0.75,0.4666666666666666,16.875,ascent
0.625,0.4666666666666666,17.578125,away
0.5,0.4666666666666666,18.28125,away
0.5,0.3666666666666666,18.984375,descent
0.5,0.2666666666666666,19.6875,descent
0.5,0.1666666666666666,20.390625,descent
0.5,0.0666666666666666,21.09375,descent
0.5,-0.03333333333333341,21.796875,descent
0.375,-0.03333333333333341,22.5,away
